INSERT INTO Products (Name, Price, Manufacturer, HasDelivery, WarehouseLocation)
VALUES
    ('Apple iPhone 14', 999.99, 'Apple', TRUE, 'Cupertino, CA'),
    ('Samsung Galaxy S23', 899.99, 'Samsung', TRUE, 'Seoul, South Korea'),
    ('Dell XPS 13', 1199.99, 'Dell', TRUE, 'Austin, TX'),
    ('Sony PlayStation 5', 499.99, 'Sony', TRUE, 'Tokyo, Japan'),
    ('HP Spectre x360', 1299.99, 'HP', TRUE, 'Palo Alto, CA'),
    ('Google Pixel 7', 799.99, 'Google', TRUE, 'Mountain View, CA'),
    ('Microsoft Surface Pro 9', 1099.99, 'Microsoft', TRUE, 'Redmond, WA'),
    ('Lenovo ThinkPad X1', 1399.99, 'Lenovo', TRUE, 'Beijing, China'),
    ('Asus ROG Zephyrus G14', 1499.99, 'Asus', TRUE, 'Taipei, Taiwan'),
    ('Amazon Echo Dot', 49.99, 'Amazon', TRUE, 'Seattle, WA'),
    ('Bose QuietComfort 45', 329.99, 'Bose', TRUE, 'Framingham, MA'),
    ('Canon EOS R5', 3899.99, 'Canon', TRUE, 'Tokyo, Japan'),
    ('Nikon Z7 II', 2999.99, 'Nikon', TRUE, 'Tokyo, Japan'),
    ('LG OLED TV', 1999.99, 'LG', TRUE, 'Seoul, South Korea'),
    ('Sony WH-1000XM5', 349.99, 'Sony', TRUE, 'Tokyo, Japan'),
    ('Apple MacBook Pro 16"', 2499.99, 'Apple', TRUE, 'Cupertino, CA'),
    ('Huawei MateBook X Pro', 1599.99, 'Huawei', TRUE, 'Shenzhen, China'),
    ('Xiaomi Mi 11', 699.99, 'Xiaomi', TRUE, 'Beijing, China'),
    ('OnePlus 9 Pro', 969.99, 'OnePlus', TRUE, 'Shenzhen, China'),
    ('Razer Blade 15', 1799.99, 'Razer', TRUE, 'San Francisco, CA'),
    ('Dyson V11 Vacuum', 599.99, 'Dyson', TRUE, 'Malmesbury, UK'),
    ('Fitbit Versa 3', 229.99, 'Fitbit', TRUE, 'San Francisco, CA'),
    ('Garmin Forerunner 945', 599.99, 'Garmin', TRUE, 'Olathe, KS'),
    ('Sony Alpha a7 III', 1999.99, 'Sony', TRUE, 'Tokyo, Japan'),
    ('DJI Mavic Air 2', 799.99, 'DJI', TRUE, 'Shenzhen, China'),
    ('GoPro Hero 10', 499.99, 'GoPro', TRUE, 'San Mateo, CA'),
    ('Apple Watch Series 8', 399.99, 'Apple', TRUE, 'Cupertino, CA'),
    ('Samsung Galaxy Watch 5', 329.99, 'Samsung', TRUE, 'Seoul, South Korea'),
    ('Microsoft Xbox Series X', 499.99, 'Microsoft', TRUE, 'Redmond, WA'),
    ('Nintendo Switch OLED', 349.99, 'Nintendo', TRUE, 'Kyoto, Japan'),
    ('Sony Bravia X90J', 1499.99, 'Sony', TRUE, 'Tokyo, Japan'),
    ('LG UltraGear Monitor', 599.99, 'LG', TRUE, 'Seoul, South Korea'),
    ('HyperX Cloud II', 99.99, 'HyperX', TRUE, 'Fountain Valley, CA'),
    ('Corsair K95 RGB Platinum', 199.99, 'Corsair', TRUE, 'Fremont, CA'),
    ('Roku Streaming Stick+', 49.99, 'Roku', TRUE, 'Saratoga, CA'),
    ('TP-Link Archer AX6000', 299.99, 'TP-Link', TRUE, 'Shenzhen, China'),
    ('Philips Hue Starter Kit', 199.99, 'Philips', TRUE, 'Amsterdam, Netherlands'),
    ('Logitech G Pro Wireless', 149.99, 'Logitech', TRUE, 'Lausanne, Switzerland'),
    ('Anker PowerCore 10000', 39.99, 'Anker', TRUE, 'Shenzhen, China'),
    ('JBL Charge 5', 179.99, 'JBL', TRUE, 'Northridge, CA');

INSERT INTO Customers (Name, ContactInfo, DeliveryAddress)
VALUES
    ('John Smith', 'john.smith@example.com', '123 Elm St, Springfield, IL'),
    ('Jane Doe', 'jane.doe@example.com', '456 Oak St, Springfield, IL'),
    ('Michael Johnson', 'michael.johnson@example.com', '789 Maple St, Chicago, IL'),
    ('Emily Davis', 'emily.davis@example.com', '321 Birch St, Seattle, WA'),
    ('Chris Brown', 'chris.brown@example.com', '654 Pine St, Miami, FL'),
    ('Jessica Wilson', 'jessica.wilson@example.com', '987 Cedar St, Orlando, FL'),
    ('Daniel Garcia', 'daniel.garcia@example.com', '159 Willow St, Los Angeles, CA'),
    ('Ashley Martinez', 'ashley.martinez@example.com', '753 Elm St, San Diego, CA'),
    ('Joshua Anderson', 'joshua.anderson@example.com', '852 Maple St, Houston, TX'),
    ('Olivia Thomas', 'olivia.thomas@example.com', '258 Oak St, Austin, TX'),
    ('Ethan Taylor', 'ethan.taylor@example.com', '369 Pine St, Denver, CO'),
    ('Sophia Lee', 'sophia.lee@example.com', '963 Birch St, Boston, MA'),
    ('James White', 'james.white@example.com', '147 Cedar St, New York, NY'),
    ('Ava Harris', 'ava.harris@example.com', '258 Willow St, Philadelphia, PA'),
    ('Mason Lewis', 'mason.lewis@example.com', '369 Oak St, Atlanta, GA'),
    ('Isabella Walker', 'isabella.walker@example.com', '951 Elm St, Nashville, TN'),
    ('Jacob Hall', 'jacob.hall@example.com', '852 Pine St, Charlotte, NC'),
    ('Charlotte Allen', 'charlotte.allen@example.com', '753 Maple St, San Francisco, CA'),
    ('Logan Young', 'logan.young@example.com', '654 Birch St, Seattle, WA'),
    ('Liam King', 'liam.king@example.com', '951 Oak St, Portland, OR'),
    ('Sofia Wright', 'sofia.wright@example.com', '357 Cedar St, Dallas, TX'),
    ('Alexander Scott', 'alexander.scott@example.com', '159 Elm St, Phoenix, AZ'),
    ('Mia Green', 'mia.green@example.com', '753 Maple St, Las Vegas, NV'),
    ('Zoe Adams', 'zoe.adams@example.com', '963 Pine St, Sacramento, CA'),
    ('Aiden Baker', 'aiden.baker@example.com', '852 Birch St, Salt Lake City, UT'),
    ('Scarlett Nelson', 'scarlett.nelson@example.com', '258 Cedar St, Kansas City, MO'),
    ('Nathan Hill', 'nathan.hill@example.com', '147 Oak St, Omaha, NE'),
    ('Madison Carter', 'madison.carter@example.com', '369 Elm St, Indianapolis, IN'),
    ('Lucas Mitchell', 'lucas.mitchell@example.com', '951 Maple St, Columbus, OH'),
    ('Grace Perez', 'grace.perez@example.com', '357 Willow St, Milwaukee, WI'),
    ('Ella Ramirez', 'ella.ramirez@example.com', '654 Cedar St, Virginia Beach, VA'),
    ('Henry Torres', 'henry.torres@example.com', '753 Birch St, Tucson, AZ'),
    ('Samantha Rivera', 'samantha.rivera@example.com', '258 Pine St, Atlanta, GA'),
    ('William Cooper', 'william.cooper@example.com', '963 Maple St, Jacksonville, FL'),
    ('Layla Ward', 'layla.ward@example.com', '147 Elm St, San Antonio, TX'),
    ('James Bennett', 'james.bennett@example.com', '258 Oak St, Arlington, TX'),
    ('Victoria Wood', 'victoria.wood@example.com', '963 Cedar St, Richmond, VA'),
    ('Jack Morgan', 'jack.morgan@example.com', '147 Willow St, Baltimore, MD'),
    ('Lily Torres', 'lily.torres@example.com', '258 Maple St, Tampa, FL'),
    ('Mila Reed', 'mila.reed@example.com', '963 Pine St, Colorado Springs, CO'),
    ('Isaac Foster', 'isaac.foster@example.com', '357 Birch St, Raleigh, NC'),
    ('Chloe Watson', 'chloe.watson@example.com', '654 Elm St, Omaha, NE'),
    ('Elijah Brooks', 'elijah.brooks@example.com', '753 Cedar St, Atlanta, GA'),
    ('Ariana Murphy', 'ariana.murphy@example.com', '258 Maple St, Kansas City, MO'),
    ('Wyatt Rivera', 'wyatt.rivera@example.com', '963 Pine St, Cincinnati, OH');

INSERT INTO Contracts (CustomerID, StartDate, EndDate)
VALUES
    (1, '2024-01-01', '2025-01-01'),
    (1, '2023-05-15', '2024-05-15'),
    (2, '2024-03-01', '2025-03-01'),
    (3, '2023-11-01', '2024-11-01'),
    (4, '2024-02-15', '2025-02-15'),
    (5, '2024-04-20', '2025-04-20'),
    (6, '2023-12-01', '2024-12-01'),
    (7, '2024-01-15', '2025-01-15'),
    (8, '2023-06-01', '2024-06-01'),
    (9, '2024-05-10', '2025-05-10'),
    (10, '2023-09-01', '2024-09-01'),
    (11, '2024-04-01', '2025-04-01'),
    (12, '2023-08-01', '2024-08-01'),
    (13, '2024-03-01', '2025-03-01'),
    (14, '2023-10-01', '2024-10-01'),
    (15, '2024-02-01', '2025-02-01'),
    (16, '2023-07-01', '2024-07-01'),
    (17, '2024-01-10', '2025-01-10'),
    (18, '2023-12-15', '2024-12-15'),
    (19, '2024-03-20', '2025-03-20'),
    (20, '2023-11-20', '2024-11-20'),
    (21, '2024-01-05', '2025-01-05'),
    (22, '2023-09-10', '2024-09-10'),
    (23, '2024-04-10', '2025-04-10'),
    (24, '2023-06-15', '2024-06-15'),
    (25, '2024-03-15', '2025-03-15'),
    (26, '2023-08-10', '2024-08-10'),
    (27, '2024-02-10', '2025-02-10'),
    (28, '2023-10-15', '2024-10-15'),
    (29, '2024-01-20', '2025-01-20'),
    (30, '2023-12-10', '2024-12-10'),
    (31, '2024-04-15', '2025-04-15'),
    (32, '2023-07-15', '2024-07-15'),
    (33, '2024-01-30', '2025-01-30'),
    (34, '2023-11-15', '2024-11-15'),
    (35, '2024-02-20', '2025-02-20'),
    (36, '2023-09-20', '2024-09-20'),
    (37, '2024-03-10', '2025-03-10'),
    (38, '2023-10-10', '2024-10-10'),
    (39, '2024-01-25', '2025-01-25'),
    (40, '2023-08-20', '2024-08-20');

INSERT INTO Orders (ContractID, OrderDate, TotalAmount, DeliveryCost, FinalAmount)
VALUES
    (1, '2024-01-10', 1200.00, 25.00, 1225.00),
    (1, '2023-06-10', 800.00, 20.00, 820.00),
    (2, '2024-03-05', 1500.00, 30.00, 1530.00),
    (3, '2023-11-20', 600.00, 15.00, 615.00),
    (4, '2024-02-25', 300.00, 10.00, 310.00),
    (5, '2024-04-15', 250.00, 5.00, 255.00),
    (6, '2023-12-05', 350.00, 15.00, 365.00),
    (7, '2024-01-15', 800.00, 25.00, 825.00),
    (8, '2023-06-01', 500.00, 20.00, 520.00),
    (9, '2024-05-12', 700.00, 20.00, 720.00),
    (10, '2023-09-05', 900.00, 15.00, 915.00),
    (11, '2024-04-01', 1200.00, 30.00, 1230.00),
    (12, '2023-08-15', 600.00, 10.00, 610.00),
    (13, '2024-03-15', 750.00, 10.00, 760.00),
    (14, '2023-10-01', 300.00, 5.00, 305.00),
    (15, '2024-02-01', 400.00, 15.00, 415.00),
    (16, '2023-07-10', 500.00, 20.00, 520.00),
    (17, '2024-01-05', 600.00, 15.00, 615.00),
    (18, '2023-12-10', 800.00, 25.00, 825.00),
    (19, '2024-03-10', 950.00, 20.00, 970.00),
    (20, '2023-11-01', 700.00, 15.00, 715.00),
    (21, '2024-04-10', 1200.00, 30.00, 1230.00),
    (22, '2023-05-20', 250.00, 5.00, 255.00),
    (23, '2024-01-10', 300.00, 10.00, 310.00),
    (24, '2023-09-20', 500.00, 20.00, 520.00),
    (25, '2024-05-25', 600.00, 15.00, 615.00),
    (26, '2023-07-05', 350.00, 10.00, 360.00),
    (27, '2024-02-05', 400.00, 15.00, 415.00),
    (28, '2023-08-01', 800.00, 25.00, 825.00),
    (29, '2024-03-05', 1500.00, 30.00, 1530.00),
    (30, '2023-11-10', 900.00, 20.00, 920.00),
    (31, '2024-04-20', 600.00, 15.00, 615.00),
    (32, '2023-06-05', 350.00, 10.00, 360.00),
    (33, '2024-01-30', 200.00, 5.00, 205.00),
    (34, '2023-10-20', 800.00, 25.00, 825.00),
    (35, '2024-02-15', 950.00, 20.00, 970.00),
    (36, '2023-12-25', 1200.00, 30.00, 1230.00),
    (37, '2024-03-20', 250.00, 5.00, 255.00),
    (38, '2023-08-15', 300.00, 10.00, 310.00),
    (39, '2024-01-05', 700.00, 15.00, 715.00),
    (40, '2023-09-30', 600.00, 20.00, 620.00);

INSERT INTO DeliveryOptions (ProductID, DeliveryType, DeliveryPrice, DeliveryTime)
VALUES
    (1, 'Standard', 25.00, '3-5 days'),
    (1, 'Express', 50.00, '1-2 days'),
    (2, 'Standard', 15.00, '3-5 days'),
    (2, 'Express', 30.00, '1-2 days'),
    (3, 'Standard', 10.00, '5-7 days'),
    (4, 'Standard', 5.00, '3-5 days'),
    (5, 'Standard', 5.00, '3-5 days'),
    (6, 'Standard', 20.00, '3-5 days'),
    (7, 'Standard', 5.00, '3-5 days'),
    (8, 'Standard', 10.00, '5-7 days'),
    (9, 'Standard', 15.00, '3-5 days'),
    (10, 'Standard', 20.00, '3-5 days'),
    (1, 'Overnight', 75.00, '1 day'),
    (2, 'Same Day', 100.00, 'Same day'),
    (3, 'Standard', 12.00, '5-7 days'),
    (4, 'Express', 22.00, '2-3 days'),
    (5, 'Express', 28.00, '1-2 days'),
    (6, 'Overnight', 55.00, '1 day'),
    (7, 'Standard', 18.00, '3-5 days'),
    (8, 'Same Day', 90.00, 'Same day'),
    (9, 'Standard', 15.00, '3-5 days'),
    (10, 'Express', 25.00, '2-3 days'),
    (1, 'International', 200.00, '7-10 days'),
    (2, 'International', 180.00, '7-10 days'),
    (3, 'International', 190.00, '7-10 days'),
    (4, 'International', 200.00, '7-10 days'),
    (5, 'International', 195.00, '7-10 days'),
    (6, 'Standard', 8.00, '3-5 days'),
    (7, 'Express', 14.00, '2-3 days'),
    (8, 'Standard', 11.00, '5-7 days'),
    (9, 'Express', 20.00, '1-2 days'),
    (10, 'Standard', 13.00, '5-7 days'),
    (1, 'Economy', 20.00, '5-7 days'),
    (2, 'Economy', 18.00, '5-7 days'),
    (3, 'Economy', 22.00, '5-7 days'),
    (4, 'Economy', 21.00, '5-7 days'),
    (5, 'Economy', 19.00, '5-7 days'),
    (6, 'Economy', 15.00, '5-7 days'),
    (7, 'Economy', 14.00, '5-7 days'),
    (8, 'Economy', 16.00, '5-7 days'),
    (9, 'Economy', 17.00, '5-7 days'),
    (10, 'Economy', 20.00, '5-7 days');

INSERT INTO OrderDelivery (OrderID, DeliveryOptionID, ActualDeliveryDate, Status, TrackingNumber)
VALUES
    (1, 1, '2024-01-12', 'Delivered', 'TRACK12345'),
    (2, 2, '2023-06-12', 'Delivered', 'TRACK67890'),
    (3, 3, NULL, 'Pending', NULL),
    (4, 4, '2023-11-25', 'Delivered', 'TRACK54321'),
    (5, 5, '2024-02-28', 'Delivered', 'TRACK09876'),
    (6, 6, NULL, 'Pending', NULL),
    (7, 7, '2024-01-18', 'Delivered', 'TRACK13579'),
    (8, 8, '2023-06-05', 'Delivered', 'TRACK24680'),
    (9, 9, NULL, 'Pending', NULL),
    (10, 10, '2024-03-01', 'Delivered', 'TRACK35791'),
    (1, 11, '2024-04-10', 'Delivered', 'TRACK46802'),
    (2, 12, NULL, 'Pending', NULL),
    (3, 13, '2024-05-15', 'Delivered', 'TRACK57913'),
    (4, 14, '2023-12-20', 'Delivered', 'TRACK68024'),
    (5, 15, NULL, 'Pending', NULL),
    (6, 16, '2024-01-22', 'Delivered', 'TRACK79135'),
    (7, 17, '2024-02-28', 'Delivered', 'TRACK80246'),
    (8, 18, NULL, 'Pending', NULL),
    (9, 19, '2023-11-30', 'Delivered', 'TRACK91357'),
    (10, 20, '2024-03-15', 'Delivered', 'TRACK02468'),
    (1, 21, NULL, 'Pending', NULL),
    (2, 22, '2024-01-25', 'Delivered', 'TRACK13579'),
    (3, 23, '2024-02-18', 'Delivered', 'TRACK24680'),
    (4, 24, NULL, 'Pending', NULL),
    (5, 25, '2024-04-01', 'Delivered', 'TRACK35791'),
    (6, 26, NULL, 'Pending', NULL),
    (7, 27, '2024-01-30', 'Delivered', 'TRACK46802'),
    (8, 28, NULL, 'Pending', NULL),
    (9, 29, '2023-12-10', 'Delivered', 'TRACK57913'),
    (10, 30, '2024-05-10', 'Delivered', 'TRACK68024'),
    (1, 31, NULL, 'Pending', NULL),
    (2, 32, '2024-06-01', 'Delivered', 'TRACK79135'),
    (3, 33, NULL, 'Pending', NULL),
    (4, 34, '2024-02-20', 'Delivered', 'TRACK80246'),
    (5, 35, NULL, 'Pending', NULL),
    (6, 36, '2024-01-05', 'Delivered', 'TRACK91357'),
    (7, 37, NULL, 'Pending', NULL),
    (8, 38, '2024-03-10', 'Delivered', 'TRACK02468'),
    (9, 39, '2024-04-25', 'Delivered', 'TRACK13579'),
    (10, 40, NULL, 'Pending', NULL);

INSERT INTO OrderItems (OrderID, ProductID, Quantity, PriceAtOrder, Subtotal)
VALUES
    (1, 1, 2, 999.99, 1999.98),  -- Apple iPhone 14
    (1, 2, 1, 799.99, 799.99),   -- Samsung Galaxy S22
    (2, 3, 3, 349.99, 1049.97),   -- Sony WH-1000XM4
    (2, 4, 2, 1199.99, 2399.98),  -- Dell XPS 13
    (3, 5, 1, 1399.99, 1399.99),  -- HP Spectre x360
    (4, 6, 4, 99.99, 399.96),      -- Logitech MX Master 3
    (4, 7, 2, 249.99, 499.98),     -- Nest Thermostat
    (5, 8, 5, 49.99, 249.95),      -- Amazon Echo Dot
    (5, 9, 1, 299.99, 299.99),     -- Bose QuietComfort 35
    (6, 10, 2, 3899.99, 7799.98),   -- Canon EOS R5
    (7, 1, 3, 1999.99, 5999.97),    -- Razer Blade 15
    (8, 2, 1, 1499.99, 1499.99),    -- Samsung QLED TV
    (8, 3, 2, 1499.99, 2999.98),    -- ASUS ROG Zephyrus G14
    (9, 4, 4, 274.99, 1099.96),      -- iRobot Roomba 694
    (9, 5, 3, 149.95, 449.85),       -- Fitbit Charge 5
    (10, 6, 2, 299.99, 599.98),       -- Oculus Quest 2
    (10, 7, 1, 249.99, 249.99),       -- AirPods Pro
    (1, 8, 1, 599.99, 599.99),        -- Google Pixel 6
    (2, 9, 2, 729.99, 1459.98),       -- OnePlus 9
    (3, 10, 1, 749.99, 749.99),       -- Xiaomi Mi 11
    (4, 1, 3, 1899.99, 5699.97),      -- LG OLED TV
    (5, 2, 1, 599.99, 599.99),        -- Dyson V11 Vacuum
    (6, 3, 2, 399.99, 799.98),        -- Apple Watch Series 7
    (7, 4, 4, 649.99, 2599.96),       -- Samsung Galaxy Tab S8
    (8, 5, 2, 499.99, 999.98),        -- GoPro HERO10
    (9, 6, 1, 199.99, 199.99),        -- Bose SoundLink Revolve
    (9, 7, 5, 179.95, 899.75),        -- JBL Charge 5
    (10, 8, 2, 1399.99, 2799.98),     -- Lenovo ThinkPad X1 Carbon
    (1, 9, 3, 29.99, 89.97),          -- Apple AirTag
    (2, 10, 1, 249.99, 249.99),       -- Bose Frames
    (3, 1, 1, 79.99, 79.99),          -- Seagate Backup Plus 2TB
    (4, 2, 2, 109.99, 219.98),        -- WD My Passport 4TB
    (5, 3, 3, 299.99, 899.97),        -- Netgear Nighthawk Router
    (6, 4, 1, 149.99, 149.99),        -- TP-Link Deco M5
    (7, 5, 2, 199.99, 399.98),        -- Ring Video Doorbell
    (8, 6, 1, 229.95, 229.95),        -- Fitbit Versa 3
    (9, 7, 4, 199.99, 799.96),        -- Sonos One
    (9, 8, 1, 49.99, 49.99),          -- Mophie Powerstation
    (10, 9, 1, 199.99, 199.99),       -- Nespresso Vertuo
    (1, 10, 3, 89.99, 269.97),        -- Instant Pot Duo
    (2, 1, 5, 12.50, 62.50),          -- Trello Subscription
    (3, 2, 3, 15.00, 45.00),          -- Dropbox Subscription
    (4, 3, 1, 52.99, 52.99);          -- Adobe Creative Cloud
